air_store_id,test_rows,mean_actual_visitors,mae,rmse,r2_score,practical_accuracy_percent
air_36bcf77d3382d36e,39,30.307692307692307,8.043492917876502,10.557405171428886,0.6119644743216873,73.46055636233642
air_5c817ef28f236bdf,39,44.92307692307692,11.922458895112312,14.754998647716294,0.6078342839383445,73.46027985677054
air_a083834e7ffe187e,39,24.102564102564102,5.19666795904539,7.039348088233238,0.7239849077769043,78.43935634013083
